ID,Script7,Threshold,Lower Limit,Upper Limit,Train Success,Test Success,Total Success
03-09-2014_22-24-56,Script6,0.75,5,2100,98.722,98.7805,98.7342
03-09-2014_22-05-43,Script6,0.65,5,100,98.6159,98.9011,98.6842
03-09-2014_22-25-07,Script6,0.75,5,2500,98.9831,97,98.481
03-09-2014_21-07-38,Script6,0.35,145,3300,99.0683,95.8333,98.3254
03-09-2014_22-24-45,Script6,0.75,5,1700,97.9021,98.1651,97.9747
03-09-2014_21-06-54,Script6,0.35,145,1700,98.4756,95.5556,97.8469
03-09-2014_21-07-26,Script6,0.35,145,2900,98.7055,95.4128,97.8469
03-09-2014_22-24-11,Script6,0.75,5,500,98.6348,95.098,97.7215
03-09-2014_22-24-33,Script6,0.75,5,1300,98.3333,95.7895,97.7215
03-09-2014_22-25-19,Script6,0.75,5,2900,99.6552,92.381,97.7215
03-09-2014_22-25-41,Script6,0.75,5,3700,97.5945,98.0769,97.7215
03-09-2014_22-24-22,Script6,0.75,5,900,97.9452,96.1165,97.4684
03-09-2014_22-25-30,Script6,0.75,5,3300,98.0519,95.4023,97.4684
03-09-2014_22-06-05,Script6,0.65,5,900,97.7612,96.4286,97.4432
03-09-2014_21-06-31,Script6,0.35,145,900,98.3444,95.122,97.4118
03-09-2014_21-06-43,Script6,0.35,145,1300,98.0707,95.3271,97.3684
03-09-2014_21-09-04,Script6,0.35,165,2500,97.6898,96.2264,97.3105
03-09-2014_21-06-19,Script6,0.35,145,500,97.205,97.4138,97.2603
03-09-2014_22-24-00,Script6,0.75,5,100,99.0132,91.4894,97.2362
03-09-2014_22-06-28,Script6,0.65,5,1700,97.7358,95.4023,97.1591
03-09-2014_22-06-39,Script6,0.65,5,2100,97.037,97.561,97.1591
03-09-2014_22-07-01,Script6,0.65,5,2900,97.3282,96.6667,97.1591
03-09-2014_22-07-12,Script6,0.65,5,3300,97.8102,94.8718,97.1591
03-09-2014_22-05-54,Script6,0.65,5,500,98.1949,92,96.875
03-09-2014_22-06-17,Script6,0.65,5,1300,97.491,94.5205,96.875
03-09-2014_22-06-50,Script6,0.65,5,2500,97.0037,95.2941,96.5909
03-09-2014_17-28-54,Script6,0.05,85,500,97.4286,92.9204,96.3283
03-09-2014_17-47-20,Script6,0.05,145,500,96.6565,94.3925,96.1009
03-09-2014_18-42-50,Script6,0.15,85,100,96.988,92.9293,96.0557
03-09-2014_17-35-08,Script6,0.05,105,500,96.9789,93.6,96.0526
03-09-2014_17-59-19,Script6,0.05,185,500,96.9136,93.2692,96.028
03-09-2014_17-29-42,Script6,0.05,85,1300,96.2428,95.3271,96.0265
03-09-2014_17-59-31,Script6,0.05,185,900,96.1905,94.8718,95.8333
03-09-2014_21-08-11,Script6,0.35,165,500,97.1429,92.1739,95.814
03-09-2014_17-41-21,Script6,0.05,125,500,96.3746,93.8596,95.7303
03-09-2014_17-47-32,Script6,0.05,145,900,96.4179,93.2692,95.672
03-09-2014_17-53-44,Script6,0.05,165,900,96.5079,93.3333,95.6322
03-09-2014_17-59-54,Script6,0.05,185,1300,96.8153,91.6667,95.4976
03-09-2014_21-09-15,Script6,0.35,165,2900,97.2222,90.9091,95.3545
03-09-2014_17-29-18,Script6,0.05,85,900,95.614,94.2149,95.2484
03-09-2014_22-07-23,Script6,0.65,5,3700,95.7364,93.617,95.1705
03-09-2014_17-35-44,Script6,0.05,105,1300,96.4392,90.9091,95.0783
03-09-2014_20-23-24,Script6,0.25,185,1700,96.1326,92,95.0719
03-09-2014_17-35-20,Script6,0.05,105,900,95.9302,92.0354,94.9672
03-09-2014_21-05-21,Script6,0.35,125,3300,95.5357,93.2203,94.9339
03-09-2014_17-53-20,Script6,0.05,165,500,95.9119,92.0354,94.8956
03-09-2014_17-47-44,Script6,0.05,145,1300,95.4955,92.7083,94.8718
03-09-2014_20-58-56,Script6,0.35,105,500,95.1351,93.4959,94.7262
03-09-2014_21-05-44,Script6,0.35,125,3700,95.3216,92.8571,94.7137
03-09-2014_21-03-01,Script6,0.35,125,900,96.5517,88.4956,94.577
03-09-2014_21-46-58,Script6,0.55,5,1300,94.6619,94.2529,94.5652
03-09-2014_17-54-19,Script6,0.05,165,1700,95.5224,91.3462,94.533
03-09-2014_21-00-53,Script6,0.35,105,2500,95.3168,91.8919,94.5148
03-09-2014_17-41-56,Script6,0.05,125,1300,97.2136,86.8421,94.508
03-09-2014_20-24-12,Script6,0.25,185,2500,95.4178,91.6667,94.501
03-09-2014_17-41-33,Script6,0.05,125,900,95.7958,90.3509,94.4072
03-09-2014_20-23-01,Script6,0.25,185,1300,96.1433,89.0756,94.3983
03-09-2014_17-53-56,Script6,0.05,165,1300,94.9367,92.6606,94.3529
03-09-2014_21-01-17,Script6,0.35,105,2900,96.6667,86.8421,94.3038
03-09-2014_21-03-48,Script6,0.35,125,1700,93.9577,95.122,94.2731
03-09-2014_21-04-34,Script6,0.35,125,2500,94.9102,92.5,94.2731
03-09-2014_21-04-58,Script6,0.35,125,2900,94.4954,93.7008,94.2731
03-09-2014_21-25-19,Script6,0.45,45,100,95.9893,88.3333,94.1296
03-09-2014_20-24-59,Script6,0.25,185,3300,94.4134,93.2331,94.0937
03-09-2014_19-52-55,Script6,0.25,85,100,95.2522,90.099,94.0639
03-09-2014_21-47-42,Script6,0.55,5,2100,94.3709,92.4242,94.0217
03-09-2014_20-49-06,Script6,0.35,65,100,94.9008,91.2281,94.0043
03-09-2014_20-22-37,Script6,0.25,185,900,95.1613,90.3226,93.9516
03-09-2014_21-02-38,Script6,0.35,125,500,94.5205,91.7431,93.8819
03-09-2014_20-22-13,Script6,0.25,185,500,94.5504,91.7355,93.8525
03-09-2014_17-21-56,Script6,0.05,65,500,95.3678,89.1667,93.8398
03-09-2014_21-04-11,Script6,0.35,125,2100,95.3216,89.2857,93.8326
03-09-2014_21-45-52,Script6,0.55,5,100,96.5753,86.7257,93.8272
03-09-2014_20-56-13,Script6,0.35,85,1700,94.832,89.9083,93.75
03-09-2014_20-24-35,Script6,0.25,185,2900,94.1489,92.1739,93.6864
03-09-2014_21-00-30,Script6,0.35,105,2100,94.7514,90.1786,93.6709
03-09-2014_21-03-25,Script6,0.35,125,1300,95.1567,88.3495,93.6123
03-09-2014_20-59-20,Script6,0.35,105,900,95.2646,88.5246,93.5551
03-09-2014_21-48-05,Script6,0.55,5,2500,94.1176,91.6667,93.4783
03-09-2014_21-48-27,Script6,0.55,5,2900,94.306,90.8046,93.4783
03-09-2014_21-48-49,Script6,0.55,5,3300,94.5255,90.4255,93.4783
03-09-2014_17-22-20,Script6,0.05,65,900,93.8172,92.1053,93.4156
03-09-2014_20-21-13,Script6,0.25,165,3300,93.9791,91.4729,93.3464
03-09-2014_17-22-44,Script6,0.05,65,1300,95.5432,86.3248,93.2773
03-09-2014_20-59-43,Script6,0.35,105,1300,94.0054,90.6542,93.2489
03-09-2014_21-01-40,Script6,0.35,105,3300,94.1019,90.099,93.2489
03-09-2014_20-21-38,Script6,0.25,165,3700,94.1333,90.4412,93.1507
03-09-2014_20-23-48,Script6,0.25,185,2100,93.3511,92.1739,93.0754
03-09-2014_20-55-26,Script6,0.35,85,900,94.7945,88.4058,93.0417
03-09-2014_21-02-03,Script6,0.35,105,3700,94.6479,88.2353,93.038
03-09-2014_17-48-08,Script6,0.05,145,1700,94.9843,87.8049,92.9864
03-09-2014_20-25-23,Script6,0.25,185,3700,93.9726,89.6825,92.8717
03-09-2014_20-55-02,Script6,0.35,85,500,94.25,87.8261,92.8155
03-09-2014_20-58-21,Script6,0.35,85,3700,94.8509,86.6142,92.7419
03-09-2014_20-19-36,Script6,0.25,165,1700,94.3005,87.6033,92.7022
03-09-2014_21-49-11,Script6,0.55,5,3700,94.382,88.1188,92.663
03-09-2014_20-18-34,Script6,0.25,165,900,94.4304,86.7769,92.6357
03-09-2014_17-42-20,Script6,0.05,125,1700,94.3114,87.6106,92.6174
03-09-2014_21-00-07,Script6,0.35,105,1700,95.2247,84.7458,92.616
03-09-2014_19-12-15,Script6,0.15,185,500,93.6986,88.4211,92.6087
03-09-2014_21-19-18,Script6,0.45,25,100,94.5409,86.2595,92.5094
03-09-2014_17-36-07,Script6,0.05,105,1700,92.3304,92.9204,92.4779
03-09-2014_17-54-43,Script6,0.05,165,2100,94.7917,86.2385,92.4433
03-09-2014_20-19-12,Script6,0.25,165,1300,92.5134,92.1875,92.4303
03-09-2014_17-14-38,Script6,0.05,45,500,93.6061,88.6179,92.4125
03-09-2014_21-46-36,Script6,0.55,5,900,94.7368,86.4078,92.4119
03-09-2014_20-18-09,Script6,0.25,165,500,93.4896,88.7097,92.3228
03-09-2014_21-33-41,Script6,0.45,65,2900,93.2099,89.3805,92.2197
03-09-2014_21-34-27,Script6,0.45,65,3700,93.4328,88.2353,92.2197
03-09-2014_20-57-01,Script6,0.35,85,2500,94.1489,85.8333,92.1371
03-09-2014_20-57-58,Script6,0.35,85,3300,94.1489,85.8333,92.1371
03-09-2014_21-31-03,Script6,0.45,65,500,93.2927,88.9764,92.0879
03-09-2014_21-46-14,Script6,0.55,5,500,93.8628,87,92.0424
03-09-2014_21-32-22,Script6,0.45,65,1700,93.5976,87.156,91.9908
03-09-2014_21-32-45,Script6,0.45,65,2100,94.4099,85.2174,91.9908
03-09-2014_17-14-14,Script6,0.05,45,100,93.3908,88.0952,91.9831
03-09-2014_20-20-25,Script6,0.25,165,2500,94.3548,85.6115,91.9765
03-09-2014_19-07-59,Script6,0.15,165,1300,94.0541,85.2174,91.9588
03-09-2014_20-55-49,Script6,0.35,85,1300,92.5532,90,91.9355
03-09-2014_20-56-37,Script6,0.35,85,2100,93.5135,87.3016,91.9355
03-09-2014_19-13-02,Script6,0.15,185,1300,93.2394,87.7193,91.8977
03-09-2014_21-31-25,Script6,0.45,65,900,93.9759,85.7143,91.8919
03-09-2014_21-47-20,Script6,0.55,5,1700,95.057,83.8095,91.8478
03-09-2014_19-13-26,Script6,0.15,185,1700,94.1463,83.3333,91.7939
03-09-2014_19-07-36,Script6,0.15,165,900,93.3702,87.2,91.7864
03-09-2014_21-33-19,Script6,0.45,65,2500,93.2749,86.3158,91.762
03-09-2014_19-02-32,Script6,0.15,145,900,93.7662,85.3659,91.7323
03-09-2014_17-30-06,Script6,0.05,85,1700,93.7126,86.4,91.7211
03-09-2014_19-12-38,Script6,0.15,185,900,93.3884,86.1111,91.7197
03-09-2014_17-36-31,Script6,0.05,105,2100,94.9206,80.8511,91.687
03-09-2014_17-15-39,Script6,0.05,45,1300,91.8782,90.9091,91.6667
03-09-2014_20-13-24,Script6,0.25,145,1300,92.0988,90.2439,91.6667
03-09-2014_21-31-59,Script6,0.45,65,1300,93.2945,86.1386,91.6667
03-09-2014_18-00-42,Script6,0.05,185,2100,91.8367,91,91.6244
03-09-2014_20-20-49,Script6,0.25,165,2900,93.5733,85.2459,91.5851
03-09-2014_18-00-18,Script6,0.05,185,1700,94.1176,84.0708,91.5138
03-09-2014_20-12-44,Script6,0.25,145,900,94.0191,83.0645,91.5129
03-09-2014_17-48-32,Script6,0.05,145,2100,93.2692,85.2273,91.5
03-09-2014_20-15-46,Script6,0.25,145,2900,94.1463,82.6772,91.4339
03-09-2014_20-16-19,Script6,0.25,145,3300,94.4862,81.8841,91.2477
03-09-2014_20-20-00,Script6,0.25,165,2100,91.7989,89.4737,91.1937
03-09-2014_19-07-12,Script6,0.15,165,500,92.7374,86.4407,91.1765
03-09-2014_21-34-04,Script6,0.45,65,3300,92.4012,87.037,91.0755
03-09-2014_20-09-32,Script6,0.25,125,2900,93.8776,82.2695,91.0653
03-09-2014_19-08-23,Script6,0.15,165,1700,93.1873,83.7209,90.9259
03-09-2014_19-02-56,Script6,0.15,145,1300,92.9134,84.8,90.9091
03-09-2014_19-03-32,Script6,0.15,145,1700,92.9134,84.8,90.9091
03-09-2014_20-14-39,Script6,0.25,145,2100,92.233,86.4,90.8752
03-09-2014_20-17-16,Script6,0.25,145,3700,93.3842,84.0278,90.8752
03-09-2014_17-42-44,Script6,0.05,125,2100,91.9094,87.3684,90.8416
03-09-2014_19-01-57,Script6,0.15,145,500,90.6336,91.0448,90.7445
03-09-2014_20-11-09,Script6,0.25,125,3700,93.5268,81.3433,90.7216
03-09-2014_17-15-03,Script6,0.05,45,900,92.1875,86.0465,90.6433
03-09-2014_17-23-08,Script6,0.05,65,1700,91.7614,86.9231,90.4564
03-09-2014_20-06-30,Script6,0.25,125,1300,91.7051,86.3309,90.4014
03-09-2014_20-12-17,Script6,0.25,145,500,93.5897,81.5603,90.3955
03-09-2014_17-30-30,Script6,0.05,85,2100,93.0693,83.1858,90.3846
03-09-2014_20-51-17,Script6,0.35,65,1700,91.9708,85.6115,90.3636
03-09-2014_19-44-51,Script6,0.25,65,100,93.0288,80.5085,90.2622
03-09-2014_18-51-15,Script6,0.15,105,1700,90.8705,88.0795,90.1929
03-09-2014_18-55-49,Script6,0.15,125,500,92.4757,82.8125,90.1852
03-09-2014_20-53-40,Script6,0.35,65,3300,92.399,82.9457,90.1818
03-09-2014_19-14-02,Script6,0.15,185,2100,91.6049,85.6061,90.1304
03-09-2014_20-15-08,Script6,0.25,145,2500,91.4573,86.3309,90.1304
03-09-2014_21-26-52,Script6,0.45,45,1300,92.1875,82.7273,90.081
03-09-2014_20-13-52,Script6,0.25,145,1700,91.8159,85.2113,90.0563
03-09-2014_20-41-28,Script6,0.35,45,100,91.5633,85.7143,90.0552
03-09-2014_21-25-43,Script6,0.45,45,500,91.5423,84.5455,90.0391
03-09-2014_20-05-10,Script6,0.25,125,500,92.0561,83.8926,89.948
03-09-2014_21-24-44,Script6,0.45,25,3700,89.7311,90.4762,89.9065
03-09-2014_21-27-26,Script6,0.45,45,1700,91.6442,84.5528,89.8785
03-09-2014_21-28-01,Script6,0.45,45,2100,92.9348,80.9524,89.8785
03-09-2014_19-16-28,Script6,0.15,185,3700,92.0833,82.0144,89.8223
03-09-2014_20-52-28,Script6,0.35,65,2500,92.1182,83.3333,89.8182
03-09-2014_19-03-56,Script6,0.15,145,2100,89.8851,89.2086,89.7213
03-09-2014_20-08-01,Script6,0.25,125,2100,92.1114,82.7815,89.6907
03-09-2014_20-08-52,Script6,0.25,125,2500,91.4943,84.3537,89.6907
03-09-2014_20-10-17,Script6,0.25,125,3300,91.3832,84.3972,89.6907
03-09-2014_21-29-44,Script6,0.45,45,3300,92.1833,82.1138,89.6761
03-09-2014_20-07-12,Script6,0.25,125,1700,90.7193,86.3946,89.6194
03-09-2014_17-16-15,Script6,0.05,45,1700,90.75,85.3211,89.5874
03-09-2014_21-24-09,Script6,0.45,25,3300,90.8189,85.6061,89.5327
03-09-2014_19-05-46,Script6,0.15,145,3300,89.759,88.6076,89.4817
03-09-2014_20-49-30,Script6,0.35,65,500,92.0746,81.4286,89.4552
03-09-2014_20-53-04,Script6,0.35,65,2900,92.9782,78.8321,89.4545
03-09-2014_19-10-12,Script6,0.15,165,2900,90.2954,86.9565,89.4488
03-09-2014_20-05-50,Script6,0.25,125,900,90.6323,86.25,89.4378
03-09-2014_18-58-13,Script6,0.15,125,2100,91.3525,83.6364,89.2857
03-09-2014_20-54-15,Script6,0.35,65,3700,91.0194,84.058,89.2727
03-09-2014_17-23-32,Script6,0.05,65,2100,90.5882,84,89.0909
03-09-2014_21-11-39,Script6,0.45,5,100,91.6667,81.2121,89.0882
03-09-2014_18-57-37,Script6,0.15,125,1700,91.1828,81.8841,89.0547
03-09-2014_19-06-23,Script6,0.15,145,3700,89.2929,88.1988,89.0244
03-09-2014_19-59-27,Script6,0.25,105,500,91.0448,82.1429,88.9984
03-09-2014_18-34-37,Script6,0.15,65,100,90.1478,85.3846,88.9925
03-09-2014_19-09-35,Script6,0.15,165,2500,93.2347,76.5432,88.9764
03-09-2014_21-21-26,Script6,0.45,25,1700,90.404,84.8921,88.972
03-09-2014_20-01-53,Script6,0.25,105,2100,91.7778,81.0976,88.9251
03-09-2014_20-03-07,Script6,0.25,105,2900,90.7489,83.75,88.9251
03-09-2014_20-50-42,Script6,0.35,65,1300,91.1695,81.6794,88.9091
03-09-2014_20-51-52,Script6,0.35,65,2100,89.4484,87.218,88.9091
03-09-2014_19-08-59,Script6,0.15,165,2100,90.6921,82.8358,88.7884
03-09-2014_21-20-51,Script6,0.45,25,1300,91.1548,81.25,88.785
03-09-2014_17-07-40,Script6,0.05,25,900,91.2736,81.9355,88.7737
03-09-2014_21-20-16,Script6,0.45,25,900,92.1569,78.3582,88.7454
03-09-2014_20-50-06,Script6,0.35,65,900,92.3261,77.8571,88.6894
03-09-2014_21-30-18,Script6,0.45,45,3700,91.0761,80.531,88.664
03-09-2014_19-36-23,Script6,0.25,45,100,90.5063,82.7815,88.64
03-09-2014_20-04-21,Script6,0.25,105,3700,93.9052,74.8538,88.5993
03-09-2014_21-23-22,Script6,0.45,25,2900,90.25,83.7037,88.5981
03-09-2014_19-15-51,Script6,0.15,185,3300,90.4863,82.1918,88.5299
03-09-2014_18-57-01,Script6,0.15,125,1300,91.0412,80.8824,88.5246
03-09-2014_19-58-01,Script6,0.25,85,3300,89.7331,84.6154,88.4914
03-09-2014_17-07-03,Script6,0.05,25,500,90.9502,80.5755,88.4682
03-09-2014_17-06-26,Script6,0.05,25,100,91.3669,79.0698,88.4615
03-09-2014_20-33-53,Script6,0.35,25,100,90.9283,80.7692,88.4127
03-09-2014_21-22-01,Script6,0.45,25,2100,89.75,84.4444,88.4112
03-09-2014_21-26-17,Script6,0.45,45,900,91.8919,77.3438,88.4112
03-09-2014_21-28-35,Script6,0.45,45,2500,91.8919,77.3438,88.4112
03-09-2014_21-29-10,Script6,0.45,45,2900,91.8919,77.3438,88.4112
03-09-2014_19-10-49,Script6,0.15,165,3300,90.9091,80.8642,88.3465
03-09-2014_17-08-17,Script6,0.05,25,1300,90.5093,81.1594,88.2456
03-09-2014_19-14-38,Script6,0.15,185,2500,91.7548,76.7123,88.2068
03-09-2014_18-50-39,Script6,0.15,105,1300,89.5487,84.3537,88.2042
03-09-2014_20-01-16,Script6,0.25,105,1700,90.2335,81.295,88.1967
03-09-2014_18-51-52,Script6,0.15,105,2100,90.7923,80.9524,88.189
03-09-2014_18-50-03,Script6,0.15,105,900,90.1345,80.6452,88.0702
03-09-2014_20-00-03,Script6,0.25,105,900,90.9091,79.6178,88.0452
03-09-2014_19-11-26,Script6,0.15,165,3700,90.0415,81.6993,88.0315
03-09-2014_18-49-27,Script6,0.15,105,500,90.4651,79.5276,87.9713
03-09-2014_19-05-09,Script6,0.15,145,2900,89.6761,82.716,87.9573
03-09-2014_20-03-44,Script6,0.25,105,3300,88.5776,86,87.9479
03-09-2014_21-19-41,Script6,0.45,25,500,90.4177,80.8219,87.8843
03-09-2014_21-22-36,Script6,0.45,25,2500,89.8058,81.3008,87.8505
03-09-2014_18-45-04,Script6,0.15,85,1700,90.7787,79.2899,87.8234
03-09-2014_19-53-56,Script6,0.25,85,900,89.1667,83.9286,87.8086
03-09-2014_19-54-45,Script6,0.25,85,1300,89.1667,83.9286,87.8086
03-09-2014_19-55-22,Script6,0.25,85,1700,89.1667,83.9286,87.8086
03-09-2014_19-55-58,Script6,0.25,85,2100,89.1667,83.9286,87.8086
03-09-2014_19-04-32,Script6,0.15,145,2500,89.4094,83.0303,87.8049
03-09-2014_19-15-15,Script6,0.15,185,2900,90.1261,79.7203,87.7221
03-09-2014_21-14-40,Script6,0.45,5,1700,89.8406,81.3953,87.6855
03-09-2014_20-00-40,Script6,0.25,105,1300,90.2174,79.3103,87.6033
03-09-2014_18-59-40,Script6,0.15,125,2900,88.5057,84.6591,87.5358
03-09-2014_17-08-54,Script6,0.05,25,1700,90.6977,77.7778,87.4564
03-09-2014_19-58-38,Script6,0.25,85,3700,88.7967,83.2298,87.4028
03-09-2014_20-47-30,Script6,0.35,45,3300,89.8488,80,87.3194
03-09-2014_18-56-24,Script6,0.15,125,900,90.5109,77.8571,87.2958
03-09-2014_20-42-04,Script6,0.35,45,500,90.5242,76.0274,87.2274
03-09-2014_17-16-51,Script6,0.05,45,2100,90.1734,78.8618,87.2068
03-09-2014_18-44-27,Script6,0.15,85,1300,90.3017,76.259,87.0647
03-09-2014_20-43-29,Script6,0.35,45,1300,89.5652,79.7546,86.9984
03-09-2014_19-53-19,Script6,0.25,85,500,89.4845,79.085,86.9906
03-09-2014_19-00-17,Script6,0.15,125,3300,90.5482,75.7396,86.9628
03-09-2014_21-15-28,Script6,0.45,5,2100,88.8454,80.9816,86.9436
03-09-2014_19-56-35,Script6,0.25,85,2500,89.6266,78.882,86.9362
03-09-2014_19-57-24,Script6,0.25,85,2900,89.6266,78.882,86.9362
03-09-2014_20-02-30,Script6,0.25,105,2500,89.6266,78.882,86.9362
03-09-2014_20-25-47,Script6,0.35,5,100,89.6266,78.882,86.9362
03-09-2014_20-26-26,Script6,0.35,5,500,89.6266,78.882,86.9362
03-09-2014_20-34-30,Script6,0.35,25,500,89.4161,78.6517,86.7769
03-09-2014_16-57-45,Script6,0.05,5,500,88.664,80.137,86.7188
03-09-2014_17-09-30,Script6,0.05,25,2100,89.9522,74.7826,86.6792
03-09-2014_20-42-41,Script6,0.35,45,900,89.339,78.882,86.6667
03-09-2014_18-53-06,Script6,0.15,105,2900,88.9493,78.7879,86.6109
03-09-2014_20-45-05,Script6,0.35,45,2100,89.9371,75.3425,86.5169
03-09-2014_18-46-18,Script6,0.15,85,2500,87.8049,82.0225,86.4362
03-09-2014_16-57-05,Script6,0.05,5,100,88.2227,80.4196,86.3934
03-09-2014_20-48-18,Script6,0.35,45,3700,88.9353,77.7778,86.3563
03-09-2014_21-17-05,Script6,0.45,5,2900,90.0794,75.2941,86.3501
03-09-2014_21-17-53,Script6,0.45,5,3300,88.8889,78.8235,86.3501
03-09-2014_21-18-30,Script6,0.45,5,3700,90.625,72.8395,86.3501
03-09-2014_16-58-35,Script6,0.05,5,900,88.5772,78.2609,86.3422
03-09-2014_18-25-25,Script6,0.15,45,100,89.8089,75.9494,86.3275
03-09-2014_18-48-24,Script6,0.15,85,3700,89.6853,75.5556,86.3032
03-09-2014_20-27-05,Script6,0.35,5,900,89.2077,77.4059,86.3028
03-09-2014_18-43-50,Script6,0.15,85,900,89.011,78,86.281
03-09-2014_20-46-42,Script6,0.35,45,2900,89.5522,75.974,86.1958
03-09-2014_18-58-50,Script6,0.15,125,2500,87.9845,80.7692,86.1032
03-09-2014_18-53-57,Script6,0.15,105,3300,89.9048,75.5208,86.053
03-09-2014_20-36-46,Script6,0.35,25,1700,89.1791,76.1628,86.0169
03-09-2014_20-39-13,Script6,0.35,25,2900,90.689,71.345,86.0169
03-09-2014_20-39-50,Script6,0.35,25,3300,88.1701,79.0419,86.0169
03-09-2014_19-00-55,Script6,0.15,125,3700,89.3822,76.1111,85.9599
03-09-2014_18-52-29,Script6,0.15,105,2500,89.9065,74.1758,85.9135
03-09-2014_18-47-08,Script6,0.15,85,2900,87.8632,79.0419,85.9043
03-09-2014_18-47-46,Script6,0.15,85,3300,88.5217,77.4011,85.9043
03-09-2014_21-13-03,Script6,0.45,5,900,89.0595,75.625,85.9031
03-09-2014_20-31-28,Script6,0.35,5,2900,87.8581,79.6537,85.8921
03-09-2014_20-35-56,Script6,0.35,25,1300,88.8683,76.3314,85.8757
03-09-2014_18-45-41,Script6,0.15,85,2100,87.6518,80.6818,85.8209
03-09-2014_16-59-25,Script6,0.05,5,1300,88.5106,77.5,85.7143
03-09-2014_20-27-58,Script6,0.35,5,1300,89.2907,75.102,85.6846
03-09-2014_18-43-02,Script6,0.15,85,500,89.6247,72.6619,85.6419
03-09-2014_21-16-17,Script6,0.45,5,2500,86.3014,83.4356,85.6083
03-09-2014_20-32-08,Script6,0.35,5,3300,87.1585,80.6034,85.5809
03-09-2014_21-12-15,Script6,0.45,5,500,88.7379,75.7225,85.4651
03-09-2014_20-35-07,Script6,0.35,25,900,88.1905,77.8947,85.4545
03-09-2014_20-37-35,Script6,0.35,25,2100,88.0597,77.3256,85.452
03-09-2014_19-27-36,Script6,0.25,25,100,88.1107,77.1144,85.3988
03-09-2014_20-44-17,Script6,0.35,45,1700,89.5745,72.549,85.3933
03-09-2014_18-54-47,Script6,0.15,105,3700,88.0515,76.8786,85.3556
03-09-2014_21-13-52,Script6,0.45,5,1300,88.9764,74.0964,85.3116
03-09-2014_18-15-03,Script6,0.15,25,100,87.6047,78.2828,85.283
03-09-2014_20-30-36,Script6,0.35,5,2500,87.4826,78.7755,85.2697
03-09-2014_17-00-14,Script6,0.05,5,1700,87.1486,78.5714,85.2665
03-09-2014_20-38-24,Script6,0.35,25,2500,88.7218,74.4318,85.1695
03-09-2014_20-33-01,Script6,0.35,5,3700,89.1034,73.2218,85.166
03-09-2014_19-46-17,Script6,0.25,65,900,88.0074,76.3736,85.0829
03-09-2014_17-01-04,Script6,0.05,5,2100,86.9369,79.8742,85.0746
03-09-2014_20-45-54,Script6,0.35,45,2500,88.4058,73.5714,85.0722
03-09-2014_19-45-27,Script6,0.25,65,500,88.2136,75.1445,85.0559
03-09-2014_20-40-39,Script6,0.35,25,3700,87.4763,77.9006,85.0282
03-09-2014_20-29-43,Script6,0.35,5,2100,89.043,72.8395,84.9585
03-09-2014_19-37-51,Script6,0.25,45,900,87.8738,75.6345,84.8561
03-09-2014_20-28-51,Script6,0.35,5,1700,88.4831,74.6032,84.8548
03-09-2014_19-47-56,Script6,0.25,65,1700,88.0734,74.2515,84.8315
03-09-2014_19-33-45,Script6,0.25,25,2900,88.4722,72.7273,84.7872
03-09-2014_19-49-36,Script6,0.25,65,2500,87.8558,76.1905,84.7765
03-09-2014_18-36-03,Script6,0.15,65,900,87.0406,77.5148,84.6939
03-09-2014_18-39-22,Script6,0.15,65,2500,86.9219,77.551,84.6902
03-09-2014_18-38-32,Script6,0.15,65,2100,88.4342,72.9282,84.6568
03-09-2014_19-35-30,Script6,0.25,25,3700,87.7318,74.477,84.3617
03-09-2014_19-50-26,Script6,0.25,65,2900,85.8736,79.7753,84.3575
03-09-2014_19-47-07,Script6,0.25,65,1300,86.6541,77.4011,84.3441
03-09-2014_19-42-18,Script6,0.25,45,2900,87.4161,74.6114,84.2839
03-09-2014_19-51-16,Script6,0.25,65,3300,86.7031,76.0479,84.2179
03-09-2014_19-28-27,Script6,0.25,25,500,89.1334,68.4211,84.1885
03-09-2014_19-44-00,Script6,0.25,45,3700,86.3487,76.7956,84.1572
03-09-2014_18-35-13,Script6,0.15,65,500,88.4615,72.2222,84.1246
03-09-2014_19-31-59,Script6,0.25,25,2100,88.5714,70.8333,84.0426
03-09-2014_19-31-06,Script6,0.25,25,1700,87.5714,73.3051,83.9744
03-09-2014_18-41-05,Script6,0.15,65,3300,87.1176,74.2574,83.9611
03-09-2014_19-40-36,Script6,0.25,45,2100,87.6254,72.2513,83.9037
03-09-2014_19-26-26,Script6,0.25,5,3700,85.5693,78.4946,83.8765
03-09-2014_18-40-14,Script6,0.15,65,2900,87.04,73.7374,83.8396
03-09-2014_18-41-57,Script6,0.15,65,3700,86.0197,77.6744,83.8396
03-09-2014_19-30-14,Script6,0.25,25,1300,86.4789,75.6522,83.8298
03-09-2014_19-48-46,Script6,0.25,65,2100,87.9473,71.8919,83.7989
03-09-2014_19-43-09,Script6,0.25,45,3300,86.9932,74.1117,83.7769
03-09-2014_18-37-42,Script6,0.15,65,1700,87.6364,71.8232,83.7209
03-09-2014_19-29-21,Script6,0.25,25,900,87.1056,72.5664,83.6649
03-09-2014_19-41-27,Script6,0.25,45,2500,87.6667,70.8995,83.6502
03-09-2014_18-36-52,Script6,0.15,65,1300,87.0656,72.7273,83.6018
03-09-2014_19-18-00,Script6,0.25,5,500,86.863,73.913,83.5871
03-09-2014_18-26-02,Script6,0.15,45,500,88.5563,68.9119,83.5742
03-09-2014_18-27-05,Script6,0.15,45,900,88.5563,68.9119,83.5742
03-09-2014_19-17-05,Script6,0.25,5,100,85.7143,76.8116,83.5263
03-09-2014_19-52-05,Script6,0.25,65,3700,85.2941,77.907,83.5196
03-09-2014_17-33-49,Script6,0.05,85,3700,86.514,74.1176,83.4774
03-09-2014_18-04-52,Script6,0.15,5,100,86.4465,74.8344,83.4746
03-09-2014_18-27-56,Script6,0.15,45,1300,86.911,73.3333,83.4635
03-09-2014_19-39-46,Script6,0.25,45,1700,87.1022,71.8085,83.4395
03-09-2014_17-12-11,Script6,0.05,25,3300,86.6585,74.1259,83.4089
03-09-2014_17-40-02,Script6,0.05,105,3700,86.7779,72.7626,83.3012
03-09-2014_17-43-07,Script6,0.05,125,2500,86.7779,72.7626,83.3012
03-09-2014_17-44-01,Script6,0.05,125,2900,86.7779,72.7626,83.3012
03-09-2014_19-32-52,Script6,0.25,25,2500,87.7809,69.2982,83.2979
03-09-2014_19-25-16,Script6,0.25,5,3300,85.0286,78.0069,83.2762
03-09-2014_18-18-06,Script6,0.15,25,1300,86.3235,73.8739,83.2594
03-09-2014_18-32-52,Script6,0.15,45,3300,87.9643,69.0583,83.2589
03-09-2014_19-34-38,Script6,0.25,25,3300,86.0111,73.8532,83.1915
03-09-2014_18-05-49,Script6,0.15,5,500,86.1505,74.1722,83.1829
03-09-2014_18-03-59,Script6,0.05,185,3700,86.9509,71.2,83.1055
03-09-2014_17-46-01,Script6,0.05,125,3700,87.3711,70.155,83.0754
03-09-2014_17-58-00,Script6,0.05,165,3700,86.6234,72.3735,83.0574
03-09-2014_19-38-42,Script6,0.25,45,1300,86.7012,72.6829,83.0357
03-09-2014_19-37-00,Script6,0.25,45,500,85.8553,73.4043,82.9146
03-09-2014_18-06-46,Script6,0.15,5,900,87.0472,70.3583,82.8407
03-09-2014_18-01-05,Script6,0.05,185,2500,85.6771,74.2188,82.8125
03-09-2014_18-12-12,Script6,0.15,5,2900,86.2405,72.3684,82.8036
03-09-2014_18-23-24,Script6,0.15,25,3300,85.7718,74.0157,82.7828
03-09-2014_17-56-13,Script6,0.05,165,2900,86.6152,70.8,82.7653
03-09-2014_18-01-58,Script6,0.05,185,2900,86.7704,70.3557,82.7148
03-09-2014_17-25-19,Script6,0.05,65,2900,85.9825,72.4806,82.6868
03-09-2014_17-27-45,Script6,0.05,65,3700,85.254,74.4,82.6868
03-09-2014_17-55-07,Script6,0.05,165,2500,86.0645,72.2222,82.668
03-09-2014_18-08-53,Script6,0.15,5,1700,85.9046,73.0263,82.6556
03-09-2014_18-10-04,Script6,0.15,5,2100,85.9046,73.0263,82.6556
03-09-2014_18-15-55,Script6,0.15,25,500,84.7059,76.1468,82.6281
03-09-2014_17-32-55,Script6,0.05,85,3300,86.0583,71.8254,82.6129
03-09-2014_17-11-16,Script6,0.05,25,2900,86.983,69.7509,82.5929
03-09-2014_18-31-07,Script6,0.15,45,2500,85.2941,74.0741,82.5893
03-09-2014_18-33-44,Script6,0.15,45,3700,85.7988,72.7273,82.5893
03-09-2014_17-36-55,Script6,0.05,105,2500,86.2113,71.5385,82.529
03-09-2014_17-38-01,Script6,0.05,105,2900,86.2113,71.5385,82.529
03-09-2014_17-20-51,Script6,0.05,45,3700,85.8025,72.6937,82.5162
03-09-2014_19-23-10,Script6,0.25,5,2500,85.181,74.1135,82.5043
03-09-2014_19-19-11,Script6,0.25,5,900,85.5866,72.8223,82.4873
03-09-2014_18-21-10,Script6,0.15,25,2500,85.0136,75.4717,82.4825
03-09-2014_18-13-09,Script6,0.15,5,3300,85.5905,73.0263,82.4776
03-09-2014_17-04-09,Script6,0.05,5,3300,85.5609,73.1183,82.453
03-09-2014_18-03-05,Script6,0.05,185,3300,84.949,74.1667,82.4219
03-09-2014_17-30-53,Script6,0.05,85,2500,85.375,72.6141,82.4207
03-09-2014_17-26-33,Script6,0.05,65,3300,86.6162,69.8113,82.403
03-09-2014_18-14-06,Script6,0.15,5,3700,86.3489,70.3947,82.3961
03-09-2014_18-28-59,Script6,0.15,45,1700,86.6667,69.5652,82.28
03-09-2014_18-17-00,Script6,0.15,25,900,85.5882,72.3684,82.2687
03-09-2014_19-22-13,Script6,0.25,5,2100,84.6065,75.4967,82.247
03-09-2014_17-17-27,Script6,0.05,45,2500,85.2761,72.9323,82.2387
03-09-2014_18-07-43,Script6,0.15,5,1300,85.0897,74.1325,82.2167
03-09-2014_17-03-01,Script6,0.05,5,2900,84.7619,74.3682,82.1844
03-09-2014_18-30-03,Script6,0.15,45,2100,85.0242,73.2323,82.1734
03-09-2014_17-10-07,Script6,0.05,25,2500,86.5291,69.1756,82.1396
03-09-2014_17-57-07,Script6,0.05,165,3300,84.6054,74.4094,82.0837
03-09-2014_19-24-06,Script6,0.25,5,2900,85.6,71.4777,82.0755
03-09-2014_17-38-55,Script6,0.05,105,3300,85.5657,71.9101,82.0463
03-09-2014_17-50-02,Script6,0.05,145,2900,85.4756,71.0317,81.9417
03-09-2014_17-51-08,Script6,0.05,145,3300,84.4673,74.1036,81.9417
03-09-2014_19-20-08,Script6,0.25,5,1300,85.3379,71.6724,81.9039
03-09-2014_17-52-15,Script6,0.05,145,3700,85,72,81.8447
03-09-2014_17-31-47,Script6,0.05,85,2900,85.5696,70.1195,81.8444
03-09-2014_17-24-07,Script6,0.05,65,2500,84.3016,73.7903,81.8354
03-09-2014_18-31-59,Script6,0.15,45,2900,85.229,71.2329,81.808
03-09-2014_18-22-17,Script6,0.15,25,2900,85.733,68.9362,81.7818
03-09-2014_17-05-18,Script6,0.05,5,3700,85.782,69.2308,81.7368
03-09-2014_18-24-31,Script6,0.15,25,3700,84.9802,71.25,81.6817
03-09-2014_17-18-35,Script6,0.05,45,2900,86.409,67.7419,81.5911
03-09-2014_18-11-01,Script6,0.15,5,2500,85.2406,69.863,81.5811
03-09-2014_18-18-58,Script6,0.15,25,1700,84.7482,71.6814,81.5418
03-09-2014_19-21-17,Script6,0.25,5,1700,87.3432,63.5088,81.4974
03-09-2014_17-01-52,Script6,0.05,5,2500,85.2121,70.8904,81.4682
03-09-2014_17-44-55,Script6,0.05,125,3300,85.8991,68.1992,81.4313
03-09-2014_17-48-55,Script6,0.05,145,2500,85.5246,70.0361,81.3592
03-09-2014_17-13-06,Script6,0.05,25,3700,83.6186,74.7368,81.3237
03-09-2014_18-20-04,Script6,0.15,25,2100,84.1727,72.3404,81.1828
03-09-2014_17-19-43,Script6,0.05,45,3300,83.891,72.6277,81.0361
